frame,video_id,t_sec,timecode,note
frames/zJvTSjEnKNE_t00000.jpg,zJvTSjEnKNE,0,00:00,чёрный кадр до начала игры
frames/zJvTSjEnKNE_t00015.jpg,zJvTSjEnKNE,15,00:15,мид; оверлей порядка способностей
frames/zJvTSjEnKNE_t00030.jpg,zJvTSjEnKNE,30,00:30,мид; оверлей карточек чемпионов
frames/zJvTSjEnKNE_t00045.jpg,zJvTSjEnKNE,45,00:45,мид
frames/zJvTSjEnKNE_t00060.jpg,zJvTSjEnKNE,60,01:00,мид
frames/zJvTSjEnKNE_t00075.jpg,zJvTSjEnKNE,75,01:15,мид
frames/zJvTSjEnKNE_t00090.jpg,zJvTSjEnKNE,90,01:30,центр карты у мида
frames/zJvTSjEnKNE_t00105.jpg,zJvTSjEnKNE,105,01:45,мид
frames/zJvTSjEnKNE_t00120.jpg,zJvTSjEnKNE,120,02:00,мид
frames/zJvTSjEnKNE_t00135.jpg,zJvTSjEnKNE,135,02:15,лес синих у мида
frames/zJvTSjEnKNE_t00150.jpg,zJvTSjEnKNE,150,02:30,мид
frames/zJvTSjEnKNE_t00165.jpg,zJvTSjEnKNE,165,02:45,мид
frames/zJvTSjEnKNE_t00180.jpg,zJvTSjEnKNE,180,03:00,мид
frames/zJvTSjEnKNE_t00195.jpg,zJvTSjEnKNE,195,03:15,мид
frames/zJvTSjEnKNE_t00210.jpg,zJvTSjEnKNE,210,03:30,мид
frames/zJvTSjEnKNE_t00225.jpg,zJvTSjEnKNE,225,03:45,река у дракона
frames/zJvTSjEnKNE_t00240.jpg,zJvTSjEnKNE,240,04:00,нижняя линия
frames/zJvTSjEnKNE_t00255.jpg,zJvTSjEnKNE,255,04:15,нижняя линия
frames/zJvTSjEnKNE_t00270.jpg,zJvTSjEnKNE,270,04:30,база синих
frames/zJvTSjEnKNE_t00285.jpg,zJvTSjEnKNE,285,04:45,мид
frames/zJvTSjEnKNE_t00300.jpg,zJvTSjEnKNE,300,05:00,река у дракона
frames/zJvTSjEnKNE_t00315.jpg,zJvTSjEnKNE,315,05:15,мид
frames/zJvTSjEnKNE_t00330.jpg,zJvTSjEnKNE,330,05:30,мид
frames/zJvTSjEnKNE_t00345.jpg,zJvTSjEnKNE,345,05:45,мид
frames/zJvTSjEnKNE_t00360.jpg,zJvTSjEnKNE,360,06:00,мид
frames/zJvTSjEnKNE_t00375.jpg,zJvTSjEnKNE,375,06:15,мид
frames/zJvTSjEnKNE_t00390.jpg,zJvTSjEnKNE,390,06:30,мид
frames/zJvTSjEnKNE_t00405.jpg,zJvTSjEnKNE,405,06:45,мид
frames/zJvTSjEnKNE_t00420.jpg,zJvTSjEnKNE,420,07:00,мид
frames/zJvTSjEnKNE_t00435.jpg,zJvTSjEnKNE,435,07:15,база синих
frames/zJvTSjEnKNE_t00450.jpg,zJvTSjEnKNE,450,07:30,мид
frames/zJvTSjEnKNE_t00465.jpg,zJvTSjEnKNE,465,07:45,верхняя река у выхода с топа; в кадре вода
frames/zJvTSjEnKNE_t00480.jpg,zJvTSjEnKNE,480,08:00,верхняя река; в кадре вода
frames/zJvTSjEnKNE_t00495.jpg,zJvTSjEnKNE,495,08:15,мид
frames/zJvTSjEnKNE_t00510.jpg,zJvTSjEnKNE,510,08:30,мид
frames/zJvTSjEnKNE_t00525.jpg,zJvTSjEnKNE,525,08:45,река у дракона
frames/zJvTSjEnKNE_t00540.jpg,zJvTSjEnKNE,540,09:00,мид
frames/zJvTSjEnKNE_t00555.jpg,zJvTSjEnKNE,555,09:15,мид
frames/zJvTSjEnKNE_t00570.jpg,zJvTSjEnKNE,570,09:30,мид
frames/zJvTSjEnKNE_t00585.jpg,zJvTSjEnKNE,585,09:45,база синих
frames/zJvTSjEnKNE_t00600.jpg,zJvTSjEnKNE,600,10:00,мид
frames/zJvTSjEnKNE_t00615.jpg,zJvTSjEnKNE,615,10:15,мид
frames/zJvTSjEnKNE_t00630.jpg,zJvTSjEnKNE,630,10:30,река красных у мида
frames/zJvTSjEnKNE_t00645.jpg,zJvTSjEnKNE,645,10:45,мид
frames/zJvTSjEnKNE_t00660.jpg,zJvTSjEnKNE,660,11:00,мид
frames/zJvTSjEnKNE_t00675.jpg,zJvTSjEnKNE,675,11:15,мид
frames/zJvTSjEnKNE_t00690.jpg,zJvTSjEnKNE,690,11:30,мид
frames/zJvTSjEnKNE_t00705.jpg,zJvTSjEnKNE,705,11:45,мид
frames/zJvTSjEnKNE_t00720.jpg,zJvTSjEnKNE,720,12:00,база синих
frames/zJvTSjEnKNE_t00735.jpg,zJvTSjEnKNE,735,12:15,мид
frames/zJvTSjEnKNE_t00750.jpg,zJvTSjEnKNE,750,12:30,мид
frames/zJvTSjEnKNE_t00765.jpg,zJvTSjEnKNE,765,12:45,мид
frames/zJvTSjEnKNE_t00780.jpg,zJvTSjEnKNE,780,13:00,мид
frames/zJvTSjEnKNE_t00795.jpg,zJvTSjEnKNE,795,13:15,мид
frames/zJvTSjEnKNE_t00810.jpg,zJvTSjEnKNE,810,13:30,мид
frames/zJvTSjEnKNE_t00825.jpg,zJvTSjEnKNE,825,13:45,мид
frames/zJvTSjEnKNE_t00840.jpg,zJvTSjEnKNE,840,14:00,база синих; оверлей про хексворота
frames/zJvTSjEnKNE_t00855.jpg,zJvTSjEnKNE,855,14:15,нижняя линия; оверлей статистики команд
frames/zJvTSjEnKNE_t00870.jpg,zJvTSjEnKNE,870,14:30,нижняя линия красных
frames/zJvTSjEnKNE_t00885.jpg,zJvTSjEnKNE,885,14:45,нижняя линия красных
frames/zJvTSjEnKNE_t00900.jpg,zJvTSjEnKNE,900,15:00,правый край; нижняя линия красных
frames/zJvTSjEnKNE_t00915.jpg,zJvTSjEnKNE,915,15:15,правый край; нижняя линия красных
frames/zJvTSjEnKNE_t00930.jpg,zJvTSjEnKNE,930,15:30,правый край; нижняя линия красных
frames/zJvTSjEnKNE_t00945.jpg,zJvTSjEnKNE,945,15:45,правый край; нижняя линия красных
frames/zJvTSjEnKNE_t00960.jpg,zJvTSjEnKNE,960,16:00,правый край; нижняя линия красных
frames/zJvTSjEnKNE_t00975.jpg,zJvTSjEnKNE,975,16:15,лес синих у мида
frames/zJvTSjEnKNE_t00990.jpg,zJvTSjEnKNE,990,16:30,река у мида
frames/zJvTSjEnKNE_t01005.jpg,zJvTSjEnKNE,1005,16:45,мид
frames/zJvTSjEnKNE_t01020.jpg,zJvTSjEnKNE,1020,17:00,мид
frames/zJvTSjEnKNE_t01035.jpg,zJvTSjEnKNE,1035,17:15,мид; оверлей статистики команд
frames/zJvTSjEnKNE_t01050.jpg,zJvTSjEnKNE,1050,17:30,лес красных под верхней линией
frames/zJvTSjEnKNE_t01065.jpg,zJvTSjEnKNE,1065,17:45,верхняя линия у ингибиторной башни синих
frames/zJvTSjEnKNE_t01080.jpg,zJvTSjEnKNE,1080,18:00,верхняя линия; разрушенная башня и миньоны
frames/zJvTSjEnKNE_t01095.jpg,zJvTSjEnKNE,1095,18:15,лес красных под верхней линией; пересмотрено по исправленному кропу миникарты (было unknown): рамка целиком ниже полосы топа — миньоны линии идут выше её верхней грани; в сцене джунгли с кустами и тропой без дороги линии
frames/zJvTSjEnKNE_t01110.jpg,zJvTSjEnKNE,1110,18:30,логово Барона
frames/zJvTSjEnKNE_t01125.jpg,zJvTSjEnKNE,1125,18:45,мид
frames/zJvTSjEnKNE_t01140.jpg,zJvTSjEnKNE,1140,19:00,река у дракона
frames/zJvTSjEnKNE_t01155.jpg,zJvTSjEnKNE,1155,19:15,река красных
frames/zJvTSjEnKNE_t01170.jpg,zJvTSjEnKNE,1170,19:30,нижняя линия красных
frames/zJvTSjEnKNE_t01185.jpg,zJvTSjEnKNE,1185,19:45,река у дракона
frames/zJvTSjEnKNE_t01200.jpg,zJvTSjEnKNE,1200,20:00,правый край; нижняя линия красных
frames/zJvTSjEnKNE_t01215.jpg,zJvTSjEnKNE,1215,20:15,верхняя линия; дорога с башней
frames/zJvTSjEnKNE_t01230.jpg,zJvTSjEnKNE,1230,20:30,верхняя линия; дорога с миньонами
frames/zJvTSjEnKNE_t01245.jpg,zJvTSjEnKNE,1245,20:45,верхняя река у логова Барона
frames/zJvTSjEnKNE_t01260.jpg,zJvTSjEnKNE,1260,21:00,верхняя река у логова Барона
frames/zJvTSjEnKNE_t01275.jpg,zJvTSjEnKNE,1275,21:15,верхняя река у топа
frames/zJvTSjEnKNE_t01290.jpg,zJvTSjEnKNE,1290,21:30,верхняя река
frames/zJvTSjEnKNE_t01305.jpg,zJvTSjEnKNE,1305,21:45,верхняя река; бой у воды
frames/zJvTSjEnKNE_t01320.jpg,zJvTSjEnKNE,1320,22:00,"угол топа и верхней реки; линия по сцене не читается; пересмотрено по исправленному кропу миникарты: левая четверть рамки накрывает угол топа, центр — на верхней реке; метка оставлена unknown"
frames/zJvTSjEnKNE_t01335.jpg,zJvTSjEnKNE,1335,22:15,логово Барона
frames/zJvTSjEnKNE_t01350.jpg,zJvTSjEnKNE,1350,22:30,лес у логова Барона после убийства Барона
frames/zJvTSjEnKNE_t01365.jpg,zJvTSjEnKNE,1365,22:45,верхний край карты; верхняя линия
frames/zJvTSjEnKNE_t01380.jpg,zJvTSjEnKNE,1380,23:00,верхняя линия; мощёная дорога и обломки башни
frames/zJvTSjEnKNE_t01395.jpg,zJvTSjEnKNE,1395,23:15,верхняя линия у башен красных
frames/zJvTSjEnKNE_t01410.jpg,zJvTSjEnKNE,1410,23:30,лес красных под верхней линией
frames/zJvTSjEnKNE_t01425.jpg,zJvTSjEnKNE,1425,23:45,мид
frames/zJvTSjEnKNE_t01440.jpg,zJvTSjEnKNE,1440,24:00,мид
frames/zJvTSjEnKNE_t01455.jpg,zJvTSjEnKNE,1455,24:15,мид
frames/zJvTSjEnKNE_t01470.jpg,zJvTSjEnKNE,1470,24:30,мид
frames/zJvTSjEnKNE_t01485.jpg,zJvTSjEnKNE,1485,24:45,мид
frames/zJvTSjEnKNE_t01500.jpg,zJvTSjEnKNE,1500,25:00,база красных
frames/zJvTSjEnKNE_t01515.jpg,zJvTSjEnKNE,1515,25:15,база красных; экран победы
