start_sec,end_sec,label,kind,note
0,8,not_game,lol_client,"окно трансляции ученика: клиент и экран загрузки в окне, вокруг раскладка стрима"
8,14,not_game,intro,заставка канала
14,128,game,lol_game_window,"игра ученика в окне ~70% кадра (картинка в картинке), вокруг раскладка стрима"
128,150,game,lol_game_pov,"игра, вид игрока на весь кадр; 144-150 с открыт магазин и таблица"
1440,1470,game,lol_game_pov,игра (конец матча)
1470,1475,skip,game_end,затемнение после конца матча
1475,1665,not_game,lol_client,"клиент: экран чести, лобби и поиск, «матч принят»"
1665,1835,not_game,lol_client,"клиент: выбор чемпиона, баны, руны"
1835,1840,skip,black,чёрный кадр перед загрузкой
1840,1895,not_game,lol_loading,экран загрузки (карточки чемпионов)
1895,1900,skip,transition,загрузка → игра
1900,1980,game,lol_game_pov,"игра с начала матча, фонтан, открыт магазин"
