frame,video_id,t_sec,timecode,label,note
frames/0Jijr5p5gAg_t00000.jpg,0Jijr5p5gAg,0,00:00,,
frames/0Jijr5p5gAg_t00015.jpg,0Jijr5p5gAg,15,00:15,,
frames/0Jijr5p5gAg_t00030.jpg,0Jijr5p5gAg,30,00:30,,
frames/0Jijr5p5gAg_t00045.jpg,0Jijr5p5gAg,45,00:45,,
frames/0Jijr5p5gAg_t00060.jpg,0Jijr5p5gAg,60,01:00,,
frames/0Jijr5p5gAg_t00075.jpg,0Jijr5p5gAg,75,01:15,,
frames/0Jijr5p5gAg_t00090.jpg,0Jijr5p5gAg,90,01:30,,
frames/0Jijr5p5gAg_t00105.jpg,0Jijr5p5gAg,105,01:45,,
frames/0Jijr5p5gAg_t00120.jpg,0Jijr5p5gAg,120,02:00,,
frames/0Jijr5p5gAg_t00135.jpg,0Jijr5p5gAg,135,02:15,,
frames/0Jijr5p5gAg_t00150.jpg,0Jijr5p5gAg,150,02:30,,
frames/0Jijr5p5gAg_t00165.jpg,0Jijr5p5gAg,165,02:45,,
frames/0Jijr5p5gAg_t00180.jpg,0Jijr5p5gAg,180,03:00,,
frames/0Jijr5p5gAg_t00195.jpg,0Jijr5p5gAg,195,03:15,,
frames/0Jijr5p5gAg_t00210.jpg,0Jijr5p5gAg,210,03:30,,
frames/0Jijr5p5gAg_t00225.jpg,0Jijr5p5gAg,225,03:45,,
frames/0Jijr5p5gAg_t00240.jpg,0Jijr5p5gAg,240,04:00,,
frames/0Jijr5p5gAg_t00255.jpg,0Jijr5p5gAg,255,04:15,,
frames/0Jijr5p5gAg_t00270.jpg,0Jijr5p5gAg,270,04:30,,
frames/0Jijr5p5gAg_t00285.jpg,0Jijr5p5gAg,285,04:45,,
frames/0Jijr5p5gAg_t00300.jpg,0Jijr5p5gAg,300,05:00,,
frames/0Jijr5p5gAg_t00315.jpg,0Jijr5p5gAg,315,05:15,,
frames/0Jijr5p5gAg_t00330.jpg,0Jijr5p5gAg,330,05:30,,
frames/0Jijr5p5gAg_t00345.jpg,0Jijr5p5gAg,345,05:45,,
frames/0Jijr5p5gAg_t00360.jpg,0Jijr5p5gAg,360,06:00,,
frames/0Jijr5p5gAg_t00375.jpg,0Jijr5p5gAg,375,06:15,,
frames/0Jijr5p5gAg_t00390.jpg,0Jijr5p5gAg,390,06:30,,
frames/0Jijr5p5gAg_t00405.jpg,0Jijr5p5gAg,405,06:45,,
frames/0Jijr5p5gAg_t00420.jpg,0Jijr5p5gAg,420,07:00,,
frames/0Jijr5p5gAg_t00435.jpg,0Jijr5p5gAg,435,07:15,,
frames/0Jijr5p5gAg_t00450.jpg,0Jijr5p5gAg,450,07:30,,
frames/0Jijr5p5gAg_t00465.jpg,0Jijr5p5gAg,465,07:45,,
frames/0Jijr5p5gAg_t00480.jpg,0Jijr5p5gAg,480,08:00,,
frames/0Jijr5p5gAg_t00495.jpg,0Jijr5p5gAg,495,08:15,,
frames/0Jijr5p5gAg_t00510.jpg,0Jijr5p5gAg,510,08:30,,
frames/0Jijr5p5gAg_t00525.jpg,0Jijr5p5gAg,525,08:45,,
frames/0Jijr5p5gAg_t00540.jpg,0Jijr5p5gAg,540,09:00,,
frames/0Jijr5p5gAg_t00555.jpg,0Jijr5p5gAg,555,09:15,,
frames/0Jijr5p5gAg_t00570.jpg,0Jijr5p5gAg,570,09:30,,
frames/0Jijr5p5gAg_t00585.jpg,0Jijr5p5gAg,585,09:45,,
frames/0Jijr5p5gAg_t00600.jpg,0Jijr5p5gAg,600,10:00,,
frames/0Jijr5p5gAg_t00615.jpg,0Jijr5p5gAg,615,10:15,,
frames/0Jijr5p5gAg_t00630.jpg,0Jijr5p5gAg,630,10:30,,
frames/0Jijr5p5gAg_t00645.jpg,0Jijr5p5gAg,645,10:45,,
frames/0Jijr5p5gAg_t00660.jpg,0Jijr5p5gAg,660,11:00,,
frames/0Jijr5p5gAg_t00675.jpg,0Jijr5p5gAg,675,11:15,,
frames/0Jijr5p5gAg_t00690.jpg,0Jijr5p5gAg,690,11:30,,
frames/0Jijr5p5gAg_t00705.jpg,0Jijr5p5gAg,705,11:45,,
frames/0Jijr5p5gAg_t00720.jpg,0Jijr5p5gAg,720,12:00,,
frames/0Jijr5p5gAg_t00735.jpg,0Jijr5p5gAg,735,12:15,,
frames/0Jijr5p5gAg_t00750.jpg,0Jijr5p5gAg,750,12:30,,
frames/0Jijr5p5gAg_t00765.jpg,0Jijr5p5gAg,765,12:45,,
frames/0Jijr5p5gAg_t00780.jpg,0Jijr5p5gAg,780,13:00,,
frames/0Jijr5p5gAg_t00795.jpg,0Jijr5p5gAg,795,13:15,,
frames/0Jijr5p5gAg_t00810.jpg,0Jijr5p5gAg,810,13:30,,
frames/0Jijr5p5gAg_t00825.jpg,0Jijr5p5gAg,825,13:45,,
frames/0Jijr5p5gAg_t00840.jpg,0Jijr5p5gAg,840,14:00,,
frames/0Jijr5p5gAg_t00855.jpg,0Jijr5p5gAg,855,14:15,,
frames/0Jijr5p5gAg_t00870.jpg,0Jijr5p5gAg,870,14:30,,
frames/0Jijr5p5gAg_t00885.jpg,0Jijr5p5gAg,885,14:45,,
frames/0Jijr5p5gAg_t00900.jpg,0Jijr5p5gAg,900,15:00,,
frames/0Jijr5p5gAg_t00915.jpg,0Jijr5p5gAg,915,15:15,,
frames/0Jijr5p5gAg_t00930.jpg,0Jijr5p5gAg,930,15:30,,
frames/0Jijr5p5gAg_t00945.jpg,0Jijr5p5gAg,945,15:45,,
frames/0Jijr5p5gAg_t00960.jpg,0Jijr5p5gAg,960,16:00,,
frames/0Jijr5p5gAg_t00975.jpg,0Jijr5p5gAg,975,16:15,,
frames/0Jijr5p5gAg_t00990.jpg,0Jijr5p5gAg,990,16:30,,
frames/0Jijr5p5gAg_t01005.jpg,0Jijr5p5gAg,1005,16:45,,
frames/0Jijr5p5gAg_t01020.jpg,0Jijr5p5gAg,1020,17:00,,
frames/0Jijr5p5gAg_t01035.jpg,0Jijr5p5gAg,1035,17:15,,
frames/0Jijr5p5gAg_t01050.jpg,0Jijr5p5gAg,1050,17:30,,
frames/0Jijr5p5gAg_t01065.jpg,0Jijr5p5gAg,1065,17:45,,
frames/0Jijr5p5gAg_t01080.jpg,0Jijr5p5gAg,1080,18:00,,
frames/0Jijr5p5gAg_t01095.jpg,0Jijr5p5gAg,1095,18:15,,
frames/0Jijr5p5gAg_t01110.jpg,0Jijr5p5gAg,1110,18:30,,
frames/0Jijr5p5gAg_t01125.jpg,0Jijr5p5gAg,1125,18:45,,
frames/0Jijr5p5gAg_t01140.jpg,0Jijr5p5gAg,1140,19:00,,
frames/0Jijr5p5gAg_t01155.jpg,0Jijr5p5gAg,1155,19:15,,
frames/0Jijr5p5gAg_t01170.jpg,0Jijr5p5gAg,1170,19:30,,
frames/0Jijr5p5gAg_t01185.jpg,0Jijr5p5gAg,1185,19:45,,
frames/0Jijr5p5gAg_t01200.jpg,0Jijr5p5gAg,1200,20:00,,
frames/0Jijr5p5gAg_t01215.jpg,0Jijr5p5gAg,1215,20:15,,
frames/0Jijr5p5gAg_t01230.jpg,0Jijr5p5gAg,1230,20:30,,
frames/0Jijr5p5gAg_t01245.jpg,0Jijr5p5gAg,1245,20:45,,
frames/0Jijr5p5gAg_t01260.jpg,0Jijr5p5gAg,1260,21:00,,
frames/0Jijr5p5gAg_t01275.jpg,0Jijr5p5gAg,1275,21:15,,
frames/0Jijr5p5gAg_t01290.jpg,0Jijr5p5gAg,1290,21:30,,
frames/0Jijr5p5gAg_t01305.jpg,0Jijr5p5gAg,1305,21:45,,
frames/0Jijr5p5gAg_t01320.jpg,0Jijr5p5gAg,1320,22:00,,
frames/0Jijr5p5gAg_t01335.jpg,0Jijr5p5gAg,1335,22:15,,
frames/0Jijr5p5gAg_t01350.jpg,0Jijr5p5gAg,1350,22:30,,
frames/0Jijr5p5gAg_t01365.jpg,0Jijr5p5gAg,1365,22:45,,
frames/0Jijr5p5gAg_t01380.jpg,0Jijr5p5gAg,1380,23:00,,
frames/0Jijr5p5gAg_t01395.jpg,0Jijr5p5gAg,1395,23:15,,
